"","P46","01","A","B","C","D","F","G","K","L","044","056","075","1","6","33","69","88","104","131","205","209","226","323","330","440","460","489","517","547","614","618","796","910","927","945","999","1175","1242","1243","1245","1270","1315","1319","1352","1424","1448","1505","1573","1611","1646","1734","1735","1738","1739","1827","1836","1837","1854","1874","1891","1982","2125","2147","2344","2400","2412","2464","2495","2815","arm","eth","slav","cop-sa","cop-bo","it-ar","it-b","it-d","it-f","it-g","it-o","syr-p","syr-h","syr-pal","vg-ww","vg-st","vg-cl","geo-1","geo-2"
"P46",0,0.679,0.704,0.429,0.667,0.714,0.679,0.679,0.714,0.714,0.679,0.75,0.786,0.714,0.643,0.679,0.786,0.714,0.786,0.786,0.714,0.714,0.714,0.679,0.679,0.714,0.75,0.714,0.75,0.75,0.714,0.75,0.714,0.786,0.714,0.704,0.786,0.679,0.714,0.75,0.679,0.714,0.714,0.741,0.75,0.75,0.75,0.643,0.786,0.607,0.714,0.75,0.75,0.75,0.607,0.679,0.786,0.821,0.714,0.75,0.786,0.75,0.786,0.786,0.722,0.679,0.714,0.75,0.679,0.714,0.731,0.714,0.654,0.5,0.625,0.679,0.643,0.63,0.571,0.571,0.667,0.636,0.682,0.571,0.571,0.556,0.607,0.615,0.692
"01",0.679,0,0.267,0.387,0.296,0.516,0.613,0.613,0.516,0.516,0.355,0.484,0.581,0.516,0.452,0.29,0.516,0.484,0.516,0.452,0.516,0.516,0.516,0.484,0.452,0.516,0.548,0.516,0.484,0.484,0.484,0.548,0.484,0.484,0.516,0.5,0.548,0.452,0.484,0.548,0.484,0.548,0.484,0.433,0.516,0.516,0.516,0.581,0.419,0.581,0.516,0.484,0.548,0.484,0.258,0.452,0.516,0.484,0.484,0.581,0.484,0.484,0.484,0.581,0.526,0.516,0.484,0.484,0.581,0.484,0.538,0.476,0.448,0.423,0.296,0.581,0.571,0.633,0.419,0.516,0.467,0.636,0.591,0.429,0.387,0.4,0.452,0.345,0.483
"A",0.704,0.267,0,0.5,0.308,0.633,0.733,0.733,0.433,0.4,0.367,0.4,0.4,0.467,0.4,0.433,0.367,0.433,0.333,0.4,0.467,0.467,0.433,0.5,0.3,0.467,0.367,0.433,0.433,0.433,0.433,0.367,0.433,0.467,0.433,0.483,0.433,0.233,0.433,0.433,0.367,0.433,0.367,0.379,0.4,0.433,0.467,0.533,0.367,0.533,0.433,0.433,0.433,0.433,0.3,0.4,0.433,0.367,0.433,0.5,0.433,0.433,0.367,0.467,0.444,0.333,0.433,0.467,0.533,0.433,0.44,0.6,0.393,0.48,0.269,0.533,0.556,0.69,0.433,0.567,0.483,0.571,0.476,0.385,0.4,0.414,0.467,0.5,0.393
"B",0.429,0.387,0.5,0,0.481,0.613,0.516,0.548,0.645,0.613,0.452,0.645,0.613,0.613,0.484,0.29,0.613,0.613,0.581,0.645,0.613,0.613,0.581,0.516,0.516,0.581,0.645,0.645,0.613,0.613,0.613,0.645,0.581,0.645,0.645,0.533,0.677,0.484,0.581,0.645,0.581,0.613,0.613,0.5,0.645,0.677,0.645,0.613,0.548,0.581,0.613,0.613,0.613,0.613,0.323,0.548,0.677,0.71,0.581,0.742,0.645,0.613,0.677,0.71,0.632,0.548,0.613,0.677,0.613,0.581,0.538,0.381,0.448,0.269,0.333,0.548,0.643,0.533,0.323,0.452,0.533,0.545,0.682,0.429,0.29,0.3,0.355,0.414,0.621
"C",0.667,0.296,0.308,0.481,0,0.63,0.704,0.704,0.37,0.37,0.222,0.407,0.37,0.296,0.37,0.407,0.333,0.37,0.37,0.333,0.296,0.296,0.333,0.407,0.259,0.37,0.37,0.37,0.333,0.333,0.407,0.37,0.333,0.37,0.37,0.385,0.407,0.259,0.333,0.407,0.37,0.407,0.333,0.308,0.37,0.37,0.37,0.37,0.296,0.37,0.37,0.333,0.407,0.333,0.148,0.296,0.407,0.407,0.333,0.407,0.333,0.333,0.37,0.407,0.333,0.333,0.407,0.407,0.37,0.333,0.409,0.316,0.32,0.391,0.25,0.481,0.542,0.692,0.407,0.519,0.462,0.474,0.368,0.455,0.37,0.385,0.444,0.36,0.4
"D",0.714,0.516,0.633,0.613,0.63,0,0.516,0.484,0.613,0.613,0.677,0.677,0.71,0.613,0.613,0.645,0.645,0.516,0.677,0.613,0.613,0.613,0.613,0.677,0.677,0.581,0.645,0.581,0.581,0.613,0.645,0.677,0.581,0.645,0.581,0.633,0.645,0.645,0.581,0.613,0.581,0.613,0.581,0.633,0.613,0.645,0.613,0.71,0.613,0.71,0.613,0.581,0.645,0.613,0.548,0.548,0.645,0.645,0.581,0.677,0.613,0.581,0.645,0.742,0.474,0.71,0.645,0.677,0.71,0.581,0.577,0.619,0.586,0.615,0.519,0.484,0.5,0.333,0.484,0.419,0.433,0.591,0.5,0.643,0.484,0.467,0.484,0.69,0.586
"F",0.679,0.613,0.733,0.516,0.704,0.516,0,0.065,0.806,0.774,0.742,0.839,0.806,0.774,0.742,0.613,0.774,0.742,0.774,0.806,0.774,0.774,0.742,0.774,0.774,0.742,0.806,0.774,0.774,0.774,0.839,0.806,0.742,0.839,0.774,0.767,0.839,0.774,0.742,0.806,0.742,0.806,0.774,0.767,0.806,0.839,0.774,0.806,0.774,0.774,0.742,0.774,0.774,0.774,0.613,0.71,0.839,0.839,0.742,0.871,0.806,0.774,0.839,0.903,0.737,0.774,0.839,0.871,0.806,0.742,0.731,0.571,0.655,0.654,0.63,0.452,0.536,0.533,0.452,0.355,0.467,0.682,0.727,0.786,0.484,0.467,0.516,0.724,0.759
"G",0.679,0.613,0.733,0.548,0.704,0.484,0.065,0,0.806,0.806,0.774,0.871,0.806,0.806,0.774,0.645,0.806,0.71,0.774,0.806,0.806,0.806,0.774,0.806,0.806,0.774,0.806,0.742,0.774,0.806,0.839,0.806,0.774,0.839,0.742,0.8,0.839,0.774,0.774,0.806,0.774,0.806,0.774,0.8,0.806,0.839,0.806,0.806,0.774,0.806,0.774,0.774,0.806,0.774,0.645,0.742,0.839,0.839,0.774,0.871,0.806,0.774,0.839,0.903,0.737,0.806,0.839,0.871,0.806,0.774,0.731,0.571,0.69,0.654,0.63,0.484,0.5,0.5,0.484,0.323,0.467,0.682,0.727,0.786,0.516,0.5,0.548,0.724,0.759
"K",0.714,0.516,0.433,0.645,0.37,0.613,0.806,0.806,0,0.065,0.29,0.129,0.194,0.097,0.258,0.516,0.226,0.161,0.258,0.065,0.097,0.097,0.097,0.161,0.29,0.097,0.065,0.097,0.065,0.097,0.097,0.097,0.065,0.097,0.097,0.1,0.129,0.29,0.065,0.129,0.129,0.065,0.065,0.233,0.065,0.032,0.129,0.194,0.194,0.226,0.129,0.032,0.129,0.065,0.355,0.097,0.129,0.194,0.065,0.129,0.097,0.032,0.065,0.194,0.263,0.258,0.097,0.29,0.194,0.097,0.154,0.524,0.241,0.5,0.407,0.516,0.643,0.667,0.548,0.645,0.567,0.318,0.136,0.429,0.516,0.533,0.516,0.517,0.241
"L",0.714,0.516,0.4,0.613,0.37,0.613,0.774,0.806,0.065,0,0.258,0.065,0.194,0.065,0.194,0.484,0.161,0.194,0.226,0.097,0.065,0.065,0.065,0.129,0.226,0.065,0.065,0.129,0.097,0.065,0.097,0.097,0.032,0.129,0.129,0.067,0.129,0.258,0.032,0.129,0.065,0.065,0.065,0.2,0.065,0.097,0.097,0.258,0.226,0.226,0.097,0.065,0.065,0.097,0.323,0.065,0.161,0.161,0.032,0.194,0.129,0.065,0.065,0.194,0.263,0.194,0.097,0.355,0.258,0.065,0.192,0.524,0.207,0.5,0.407,0.484,0.643,0.667,0.516,0.645,0.567,0.318,0.136,0.429,0.484,0.5,0.484,0.552,0.276
"044",0.679,0.355,0.367,0.452,0.222,0.677,0.742,0.774,0.29,0.258,0,0.258,0.29,0.258,0.258,0.258,0.323,0.323,0.387,0.226,0.258,0.258,0.258,0.29,0.29,0.258,0.323,0.29,0.258,0.226,0.323,0.323,0.226,0.29,0.29,0.267,0.355,0.323,0.226,0.355,0.323,0.323,0.323,0.233,0.323,0.29,0.258,0.29,0.226,0.258,0.258,0.258,0.29,0.258,0.226,0.258,0.323,0.323,0.226,0.387,0.258,0.258,0.258,0.355,0.421,0.258,0.323,0.355,0.355,0.226,0.385,0.381,0.276,0.385,0.333,0.548,0.714,0.733,0.484,0.677,0.633,0.364,0.364,0.429,0.452,0.467,0.452,0.414,0.379
"056",0.75,0.484,0.4,0.645,0.407,0.677,0.839,0.871,0.129,0.065,0.258,0,0.258,0.129,0.258,0.452,0.226,0.258,0.29,0.097,0.129,0.129,0.129,0.161,0.29,0.129,0.129,0.194,0.161,0.097,0.129,0.161,0.097,0.129,0.194,0.1,0.161,0.323,0.097,0.194,0.129,0.129,0.129,0.2,0.129,0.129,0.129,0.323,0.226,0.29,0.161,0.129,0.129,0.161,0.387,0.129,0.161,0.161,0.097,0.226,0.161,0.129,0.065,0.226,0.316,0.258,0.129,0.323,0.323,0.129,0.269,0.619,0.276,0.538,0.481,0.484,0.643,0.733,0.581,0.71,0.6,0.409,0.227,0.5,0.548,0.567,0.548,0.552,0.31
"075",0.786,0.581,0.4,0.613,0.37,0.71,0.806,0.806,0.194,0.194,0.29,0.258,0,0.258,0.323,0.484,0.29,0.323,0.194,0.226,0.258,0.258,0.226,0.323,0.258,0.258,0.129,0.258,0.194,0.258,0.194,0.161,0.226,0.258,0.258,0.267,0.258,0.258,0.226,0.226,0.258,0.194,0.194,0.3,0.194,0.226,0.29,0.226,0.258,0.258,0.29,0.194,0.226,0.226,0.419,0.258,0.29,0.323,0.226,0.323,0.194,0.194,0.194,0.323,0.316,0.258,0.194,0.387,0.323,0.226,0.269,0.524,0.276,0.538,0.407,0.581,0.714,0.767,0.645,0.71,0.633,0.318,0.273,0.357,0.613,0.633,0.613,0.414,0.345
"1",0.714,0.516,0.467,0.613,0.296,0.613,0.774,0.806,0.097,0.065,0.258,0.129,0.258,0,0.258,0.484,0.161,0.194,0.29,0.097,0,0,0.065,0.129,0.226,0.065,0.129,0.129,0.097,0.065,0.161,0.161,0.032,0.129,0.129,0.067,0.194,0.323,0.032,0.194,0.129,0.129,0.129,0.2,0.129,0.129,0.097,0.258,0.226,0.226,0.097,0.065,0.129,0.097,0.323,0.065,0.194,0.226,0.032,0.194,0.129,0.065,0.129,0.226,0.263,0.258,0.161,0.387,0.258,0.065,0.192,0.476,0.207,0.538,0.444,0.484,0.607,0.667,0.516,0.645,0.567,0.318,0.136,0.429,0.484,0.5,0.484,0.586,0.31
"6",0.643,0.452,0.4,0.484,0.37,0.613,0.742,0.774,0.258,0.194,0.258,0.258,0.323,0.258,0,0.387,0.29,0.29,0.323,0.29,0.258,0.258,0.258,0.258,0.323,0.226,0.258,0.29,0.258,0.258,0.258,0.258,0.226,0.323,0.258,0.267,0.29,0.29,0.226,0.258,0.258,0.194,0.258,0.3,0.258,0.29,0.29,0.258,0.323,0.226,0.226,0.258,0.226,0.258,0.194,0.258,0.323,0.258,0.226,0.387,0.258,0.258,0.258,0.258,0.421,0.226,0.258,0.323,0.29,0.226,0.346,0.429,0.31,0.423,0.333,0.645,0.643,0.633,0.452,0.581,0.633,0.318,0.273,0.429,0.419,0.433,0.419,0.483,0.31
"33",0.679,0.29,0.433,0.29,0.407,0.645,0.613,0.645,0.516,0.484,0.258,0.452,0.484,0.484,0.387,0,0.516,0.516,0.581,0.452,0.484,0.484,0.484,0.452,0.452,0.452,0.548,0.516,0.484,0.452,0.484,0.548,0.452,0.484,0.516,0.467,0.548,0.516,0.452,0.548,0.516,0.516,0.548,0.4,0.548,0.516,0.484,0.516,0.419,0.484,0.484,0.484,0.484,0.484,0.323,0.484,0.516,0.516,0.452,0.613,0.484,0.484,0.484,0.548,0.579,0.484,0.484,0.484,0.581,0.452,0.538,0.524,0.517,0.423,0.407,0.613,0.679,0.633,0.484,0.548,0.6,0.545,0.591,0.5,0.452,0.467,0.452,0.379,0.586
"69",0.786,0.516,0.367,0.613,0.333,0.645,0.774,0.806,0.226,0.161,0.323,0.226,0.29,0.161,0.29,0.516,0,0.226,0.258,0.258,0.161,0.161,0.226,0.29,0.161,0.226,0.226,0.29,0.226,0.226,0.226,0.258,0.194,0.29,0.29,0.233,0.258,0.258,0.194,0.226,0.226,0.226,0.226,0.2,0.194,0.258,0.258,0.355,0.258,0.323,0.258,0.226,0.194,0.258,0.323,0.226,0.323,0.258,0.194,0.29,0.258,0.226,0.226,0.323,0.316,0.258,0.226,0.355,0.355,0.194,0.231,0.524,0.31,0.538,0.407,0.548,0.679,0.7,0.548,0.677,0.6,0.364,0.273,0.357,0.516,0.533,0.516,0.552,0.345
"88",0.714,0.484,0.433,0.613,0.37,0.516,0.742,0.71,0.161,0.194,0.323,0.258,0.323,0.194,0.29,0.516,0.226,0,0.323,0.161,0.194,0.194,0.194,0.258,0.355,0.194,0.194,0.129,0.161,0.194,0.226,0.226,0.161,0.194,0.129,0.2,0.226,0.355,0.161,0.226,0.258,0.194,0.194,0.267,0.161,0.194,0.226,0.29,0.258,0.323,0.194,0.129,0.258,0.161,0.323,0.194,0.258,0.258,0.161,0.258,0.194,0.129,0.194,0.323,0.316,0.355,0.226,0.258,0.29,0.194,0.231,0.476,0.345,0.538,0.407,0.581,0.607,0.567,0.516,0.548,0.6,0.318,0.318,0.5,0.484,0.5,0.484,0.483,0.31
"104",0.786,0.516,0.333,0.581,0.37,0.677,0.774,0.774,0.258,0.226,0.387,0.29,0.194,0.29,0.323,0.581,0.258,0.323,0,0.29,0.29,0.29,0.258,0.355,0.29,0.29,0.194,0.323,0.258,0.29,0.258,0.226,0.258,0.323,0.323,0.3,0.323,0.226,0.258,0.29,0.226,0.258,0.194,0.333,0.258,0.29,0.323,0.355,0.323,0.355,0.323,0.258,0.258,0.29,0.355,0.226,0.323,0.29,0.258,0.387,0.258,0.258,0.258,0.387,0.316,0.323,0.258,0.419,0.387,0.258,0.231,0.524,0.241,0.538,0.407,0.581,0.679,0.7,0.581,0.677,0.6,0.409,0.364,0.429,0.548,0.567,0.613,0.483,0.276
"131",0.786,0.452,0.4,0.645,0.333,0.613,0.806,0.806,0.065,0.097,0.226,0.097,0.226,0.097,0.29,0.452,0.258,0.161,0.29,0,0.097,0.097,0.097,0.161,0.323,0.097,0.097,0.097,0.065,0.065,0.129,0.129,0.065,0.065,0.097,0.1,0.129,0.323,0.065,0.161,0.161,0.097,0.097,0.2,0.097,0.065,0.097,0.258,0.129,0.29,0.129,0.032,0.161,0.065,0.355,0.097,0.097,0.161,0.065,0.161,0.065,0.032,0.032,0.194,0.263,0.29,0.129,0.29,0.258,0.097,0.192,0.524,0.241,0.538,0.444,0.452,0.571,0.667,0.548,0.645,0.533,0.364,0.182,0.5,0.516,0.533,0.516,0.517,0.241
"205",0.714,0.516,0.467,0.613,0.296,0.613,0.774,0.806,0.097,0.065,0.258,0.129,0.258,0,0.258,0.484,0.161,0.194,0.29,0.097,0,0,0.065,0.129,0.226,0.065,0.129,0.129,0.097,0.065,0.161,0.161,0.032,0.129,0.129,0.067,0.194,0.323,0.032,0.194,0.129,0.129,0.129,0.2,0.129,0.129,0.097,0.258,0.226,0.226,0.097,0.065,0.129,0.097,0.323,0.065,0.194,0.226,0.032,0.194,0.129,0.065,0.129,0.226,0.263,0.258,0.161,0.387,0.258,0.065,0.192,0.476,0.207,0.538,0.444,0.484,0.607,0.667,0.516,0.645,0.567,0.318,0.136,0.429,0.484,0.5,0.484,0.586,0.31
"209",0.714,0.516,0.467,0.613,0.296,0.613,0.774,0.806,0.097,0.065,0.258,0.129,0.258,0,0.258,0.484,0.161,0.194,0.29,0.097,0,0,0.065,0.129,0.226,0.065,0.129,0.129,0.097,0.065,0.161,0.161,0.032,0.129,0.129,0.067,0.194,0.323,0.032,0.194,0.129,0.129,0.129,0.2,0.129,0.129,0.097,0.258,0.226,0.226,0.097,0.065,0.129,0.097,0.323,0.065,0.194,0.226,0.032,0.194,0.129,0.065,0.129,0.226,0.263,0.258,0.161,0.387,0.258,0.065,0.192,0.476,0.207,0.538,0.444,0.484,0.607,0.667,0.516,0.645,0.567,0.318,0.136,0.429,0.484,0.5,0.484,0.586,0.31
"226",0.714,0.516,0.433,0.581,0.333,0.613,0.742,0.774,0.097,0.065,0.258,0.129,0.226,0.065,0.258,0.484,0.226,0.194,0.258,0.097,0.065,0.065,0,0.129,0.258,0.065,0.097,0.129,0.097,0.065,0.161,0.129,0.032,0.129,0.129,0.067,0.194,0.29,0.032,0.194,0.129,0.129,0.129,0.2,0.129,0.129,0.097,0.258,0.226,0.226,0.097,0.065,0.129,0.097,0.323,0.065,0.194,0.226,0.032,0.226,0.129,0.065,0.129,0.258,0.263,0.226,0.161,0.387,0.258,0.065,0.231,0.524,0.207,0.538,0.444,0.452,0.607,0.667,0.484,0.613,0.533,0.318,0.182,0.5,0.452,0.467,0.452,0.586,0.31
"323",0.679,0.484,0.5,0.516,0.407,0.677,0.774,0.806,0.161,0.129,0.29,0.161,0.323,0.129,0.258,0.452,0.29,0.258,0.355,0.161,0.129,0.129,0.129,0,0.355,0.129,0.194,0.161,0.161,0.129,0.161,0.194,0.097,0.161,0.129,0.033,0.258,0.387,0.097,0.258,0.194,0.194,0.194,0.233,0.194,0.194,0.161,0.29,0.29,0.258,0.097,0.129,0.194,0.129,0.355,0.129,0.258,0.226,0.097,0.29,0.194,0.129,0.194,0.258,0.421,0.258,0.161,0.419,0.226,0.129,0.308,0.429,0.172,0.423,0.407,0.484,0.607,0.667,0.484,0.613,0.533,0.318,0.136,0.429,0.452,0.467,0.452,0.552,0.379
"330",0.679,0.452,0.3,0.516,0.259,0.677,0.774,0.806,0.29,0.226,0.29,0.29,0.258,0.226,0.323,0.452,0.161,0.355,0.29,0.323,0.226,0.226,0.258,0.355,0,0.29,0.226,0.355,0.29,0.29,0.29,0.258,0.258,0.355,0.355,0.3,0.323,0.161,0.258,0.29,0.29,0.29,0.29,0.233,0.258,0.323,0.323,0.387,0.29,0.355,0.323,0.29,0.258,0.323,0.323,0.29,0.387,0.387,0.258,0.355,0.323,0.29,0.29,0.355,0.368,0.194,0.29,0.419,0.387,0.258,0.385,0.524,0.345,0.5,0.407,0.581,0.679,0.733,0.548,0.677,0.6,0.5,0.364,0.357,0.516,0.533,0.516,0.517,0.414
"440",0.714,0.516,0.467,0.581,0.37,0.581,0.742,0.774,0.097,0.065,0.258,0.129,0.258,0.065,0.226,0.452,0.226,0.194,0.29,0.097,0.065,0.065,0.065,0.129,0.29,0,0.129,0.129,0.097,0.065,0.161,0.161,0.032,0.129,0.129,0.067,0.161,0.29,0.032,0.161,0.129,0.097,0.129,0.167,0.129,0.129,0.097,0.29,0.194,0.258,0.097,0.065,0.129,0.097,0.29,0.065,0.161,0.226,0.032,0.226,0.129,0.065,0.129,0.226,0.316,0.258,0.161,0.387,0.29,0.065,0.231,0.524,0.207,0.5,0.444,0.484,0.607,0.633,0.516,0.613,0.567,0.364,0.182,0.429,0.484,0.5,0.484,0.586,0.31
"460",0.75,0.548,0.367,0.645,0.37,0.645,0.806,0.806,0.065,0.065,0.323,0.129,0.129,0.129,0.258,0.548,0.226,0.194,0.194,0.097,0.129,0.129,0.097,0.194,0.226,0.129,0,0.129,0.097,0.129,0.097,0.032,0.097,0.129,0.129,0.133,0.129,0.226,0.097,0.129,0.129,0.065,0.065,0.267,0.065,0.097,0.161,0.226,0.226,0.258,0.161,0.065,0.129,0.097,0.387,0.129,0.161,0.194,0.097,0.194,0.129,0.065,0.065,0.194,0.263,0.194,0.097,0.355,0.226,0.129,0.192,0.571,0.276,0.538,0.444,0.516,0.643,0.7,0.548,0.645,0.567,0.318,0.182,0.5,0.516,0.533,0.516,0.552,0.276
"489",0.714,0.516,0.433,0.645,0.37,0.581,0.774,0.742,0.097,0.129,0.29,0.194,0.258,0.129,0.29,0.516,0.29,0.129,0.323,0.097,0.129,0.129,0.129,0.161,0.355,0.129,0.129,0,0.097,0.129,0.161,0.129,0.097,0.129,0.032,0.133,0.194,0.355,0.097,0.194,0.194,0.129,0.129,0.267,0.129,0.129,0.161,0.258,0.226,0.29,0.097,0.065,0.194,0.065,0.355,0.129,0.194,0.226,0.097,0.226,0.129,0.065,0.129,0.226,0.368,0.29,0.161,0.387,0.258,0.129,0.231,0.524,0.241,0.538,0.444,0.548,0.571,0.633,0.548,0.581,0.567,0.364,0.182,0.5,0.516,0.533,0.516,0.552,0.31
"517",0.75,0.484,0.433,0.613,0.333,0.581,0.774,0.774,0.065,0.097,0.258,0.161,0.194,0.097,0.258,0.484,0.226,0.161,0.258,0.065,0.097,0.097,0.097,0.161,0.29,0.097,0.097,0.097,0,0.097,0.065,0.129,0.065,0.097,0.097,0.1,0.161,0.29,0.065,0.097,0.161,0.097,0.097,0.2,0.097,0.097,0.129,0.226,0.161,0.258,0.129,0.032,0.097,0.065,0.323,0.097,0.161,0.226,0.065,0.194,0.065,0.032,0.097,0.226,0.263,0.258,0.065,0.323,0.226,0.032,0.154,0.476,0.207,0.5,0.407,0.484,0.607,0.633,0.516,0.613,0.533,0.318,0.136,0.429,0.484,0.5,0.484,0.517,0.241
"547",0.75,0.484,0.433,0.613,0.333,0.613,0.774,0.806,0.097,0.065,0.226,0.097,0.258,0.065,0.258,0.452,0.226,0.194,0.29,0.065,0.065,0.065,0.065,0.129,0.29,0.065,0.129,0.129,0.097,0,0.161,0.161,0.032,0.065,0.129,0.067,0.129,0.323,0.032,0.194,0.129,0.129,0.129,0.133,0.129,0.065,0.032,0.29,0.194,0.258,0.097,0.065,0.129,0.097,0.323,0.065,0.161,0.194,0.032,0.161,0.065,0.065,0.097,0.194,0.263,0.258,0.161,0.355,0.29,0.065,0.231,0.524,0.207,0.538,0.444,0.452,0.607,0.667,0.516,0.645,0.5,0.364,0.182,0.5,0.484,0.5,0.484,0.517,0.241
"614",0.714,0.484,0.433,0.613,0.407,0.645,0.839,0.839,0.097,0.097,0.323,0.129,0.194,0.161,0.258,0.484,0.226,0.226,0.258,0.129,0.161,0.161,0.161,0.161,0.29,0.161,0.097,0.161,0.065,0.161,0,0.129,0.129,0.129,0.161,0.133,0.161,0.29,0.129,0.097,0.161,0.097,0.097,0.233,0.097,0.129,0.194,0.258,0.226,0.29,0.194,0.097,0.097,0.129,0.387,0.161,0.194,0.226,0.129,0.226,0.129,0.097,0.097,0.226,0.316,0.258,0,0.323,0.258,0.097,0.192,0.571,0.276,0.462,0.444,0.548,0.679,0.7,0.581,0.677,0.6,0.364,0.182,0.429,0.548,0.567,0.548,0.483,0.276
"618",0.75,0.548,0.367,0.645,0.37,0.677,0.806,0.806,0.097,0.097,0.323,0.161,0.161,0.161,0.258,0.548,0.258,0.226,0.226,0.129,0.161,0.161,0.129,0.194,0.258,0.161,0.032,0.129,0.129,0.161,0.129,0,0.129,0.161,0.129,0.167,0.161,0.258,0.129,0.161,0.161,0.097,0.097,0.3,0.097,0.129,0.194,0.226,0.258,0.258,0.161,0.097,0.161,0.065,0.387,0.161,0.194,0.194,0.129,0.226,0.161,0.097,0.097,0.194,0.316,0.194,0.129,0.387,0.226,0.161,0.231,0.571,0.276,0.5,0.444,0.548,0.643,0.733,0.548,0.645,0.567,0.318,0.182,0.429,0.516,0.533,0.516,0.552,0.31
"796",0.714,0.484,0.433,0.581,0.333,0.581,0.742,0.774,0.065,0.032,0.226,0.097,0.226,0.032,0.226,0.452,0.194,0.161,0.258,0.065,0.032,0.032,0.032,0.097,0.258,0.032,0.097,0.097,0.065,0.032,0.129,0.129,0,0.097,0.097,0.033,0.161,0.29,0,0.161,0.097,0.097,0.097,0.167,0.097,0.097,0.065,0.258,0.194,0.226,0.065,0.032,0.097,0.065,0.29,0.032,0.161,0.194,0,0.194,0.097,0.032,0.097,0.226,0.263,0.226,0.129,0.355,0.258,0.032,0.192,0.476,0.172,0.5,0.407,0.452,0.607,0.633,0.484,0.613,0.533,0.318,0.136,0.429,0.452,0.467,0.452,0.552,0.276
"910",0.786,0.484,0.467,0.645,0.37,0.645,0.839,0.839,0.097,0.129,0.29,0.129,0.258,0.129,0.323,0.484,0.29,0.194,0.323,0.065,0.129,0.129,0.129,0.161,0.355,0.129,0.129,0.129,0.097,0.065,0.129,0.161,0.097,0,0.129,0.1,0.129,0.355,0.097,0.194,0.194,0.129,0.129,0.167,0.129,0.065,0.097,0.29,0.194,0.323,0.161,0.065,0.194,0.097,0.387,0.129,0.161,0.226,0.097,0.161,0.065,0.065,0.097,0.194,0.316,0.323,0.129,0.29,0.29,0.129,0.231,0.571,0.276,0.538,0.481,0.516,0.643,0.7,0.581,0.677,0.533,0.409,0.227,0.5,0.548,0.567,0.548,0.483,0.241
"927",0.714,0.516,0.433,0.645,0.37,0.581,0.774,0.742,0.097,0.129,0.29,0.194,0.258,0.129,0.258,0.516,0.29,0.129,0.323,0.097,0.129,0.129,0.129,0.129,0.355,0.129,0.129,0.032,0.097,0.129,0.161,0.129,0.097,0.129,0,0.133,0.194,0.355,0.097,0.194,0.194,0.129,0.129,0.267,0.129,0.129,0.161,0.226,0.226,0.258,0.065,0.065,0.194,0.065,0.355,0.129,0.194,0.194,0.097,0.226,0.129,0.065,0.129,0.194,0.368,0.258,0.161,0.387,0.226,0.129,0.231,0.476,0.241,0.538,0.444,0.548,0.571,0.633,0.548,0.581,0.567,0.318,0.136,0.5,0.516,0.533,0.516,0.552,0.31
"945",0.704,0.5,0.483,0.533,0.385,0.633,0.767,0.8,0.1,0.067,0.267,0.1,0.267,0.067,0.267,0.467,0.233,0.2,0.3,0.1,0.067,0.067,0.067,0.033,0.3,0.067,0.133,0.133,0.1,0.067,0.133,0.167,0.033,0.1,0.133,0,0.2,0.333,0.033,0.2,0.133,0.133,0.133,0.2,0.133,0.133,0.1,0.3,0.233,0.267,0.1,0.067,0.133,0.1,0.333,0.067,0.2,0.233,0.033,0.233,0.133,0.067,0.133,0.267,0.333,0.267,0.133,0.367,0.233,0.067,0.24,0.45,0.143,0.44,0.385,0.433,0.593,0.621,0.467,0.6,0.517,0.333,0.143,0.429,0.433,0.448,0.433,0.571,0.321
"999",0.786,0.548,0.433,0.677,0.407,0.645,0.839,0.839,0.129,0.129,0.355,0.161,0.258,0.194,0.29,0.548,0.258,0.226,0.323,0.129,0.194,0.194,0.194,0.258,0.323,0.161,0.129,0.194,0.161,0.129,0.161,0.161,0.161,0.129,0.194,0.2,0,0.29,0.161,0.129,0.194,0.097,0.129,0.2,0.097,0.097,0.161,0.323,0.161,0.355,0.226,0.129,0.194,0.161,0.387,0.194,0.161,0.226,0.161,0.161,0.129,0.129,0.097,0.161,0.316,0.29,0.161,0.355,0.323,0.194,0.269,0.619,0.345,0.538,0.481,0.548,0.643,0.7,0.613,0.677,0.567,0.455,0.273,0.5,0.581,0.6,0.581,0.517,0.276
"1175",0.679,0.452,0.233,0.484,0.259,0.645,0.774,0.774,0.29,0.258,0.323,0.323,0.258,0.323,0.29,0.516,0.258,0.355,0.226,0.323,0.323,0.323,0.29,0.387,0.161,0.29,0.226,0.355,0.29,0.323,0.29,0.258,0.29,0.355,0.355,0.333,0.29,0,0.29,0.258,0.258,0.226,0.226,0.2,0.258,0.323,0.355,0.419,0.226,0.419,0.355,0.29,0.29,0.323,0.226,0.258,0.323,0.387,0.29,0.387,0.323,0.29,0.29,0.355,0.368,0.226,0.29,0.419,0.419,0.29,0.346,0.524,0.31,0.346,0.333,0.548,0.643,0.667,0.516,0.613,0.6,0.545,0.409,0.214,0.484,0.5,0.548,0.517,0.345
"1242",0.714,0.484,0.433,0.581,0.333,0.581,0.742,0.774,0.065,0.032,0.226,0.097,0.226,0.032,0.226,0.452,0.194,0.161,0.258,0.065,0.032,0.032,0.032,0.097,0.258,0.032,0.097,0.097,0.065,0.032,0.129,0.129,0,0.097,0.097,0.033,0.161,0.29,0,0.161,0.097,0.097,0.097,0.167,0.097,0.097,0.065,0.258,0.194,0.226,0.065,0.032,0.097,0.065,0.29,0.032,0.161,0.194,0,0.194,0.097,0.032,0.097,0.226,0.263,0.226,0.129,0.355,0.258,0.032,0.192,0.476,0.172,0.5,0.407,0.452,0.607,0.633,0.484,0.613,0.533,0.318,0.136,0.429,0.452,0.467,0.452,0.552,0.276
"1243",0.75,0.548,0.433,0.645,0.407,0.613,0.806,0.806,0.129,0.129,0.355,0.194,0.226,0.194,0.258,0.548,0.226,0.226,0.29,0.161,0.194,0.194,0.194,0.258,0.29,0.161,0.129,0.194,0.097,0.194,0.097,0.161,0.161,0.194,0.194,0.2,0.129,0.258,0.161,0,0.194,0.097,0.129,0.233,0.065,0.161,0.226,0.29,0.194,0.323,0.226,0.129,0.129,0.161,0.355,0.194,0.194,0.258,0.161,0.194,0.161,0.129,0.129,0.226,0.263,0.258,0.097,0.355,0.29,0.129,0.231,0.571,0.31,0.5,0.444,0.548,0.643,0.667,0.581,0.645,0.6,0.409,0.227,0.429,0.548,0.567,0.548,0.552,0.31
"1245",0.679,0.484,0.367,0.581,0.37,0.581,0.742,0.774,0.129,0.065,0.323,0.129,0.258,0.129,0.258,0.516,0.226,0.258,0.226,0.161,0.129,0.129,0.129,0.194,0.29,0.129,0.129,0.194,0.161,0.129,0.161,0.161,0.097,0.194,0.194,0.133,0.194,0.258,0.097,0.194,0,0.129,0.065,0.267,0.129,0.161,0.161,0.323,0.29,0.29,0.161,0.129,0.129,0.161,0.323,0.065,0.194,0.226,0.097,0.258,0.194,0.129,0.129,0.258,0.211,0.258,0.161,0.419,0.323,0.129,0.154,0.524,0.207,0.462,0.37,0.452,0.607,0.633,0.484,0.613,0.533,0.364,0.182,0.357,0.452,0.467,0.516,0.552,0.276
"1270",0.714,0.548,0.433,0.613,0.407,0.613,0.806,0.806,0.065,0.065,0.323,0.129,0.194,0.129,0.194,0.516,0.226,0.194,0.258,0.097,0.129,0.129,0.129,0.194,0.29,0.097,0.065,0.129,0.097,0.129,0.097,0.097,0.097,0.129,0.129,0.133,0.097,0.226,0.097,0.097,0.129,0,0.065,0.2,0.065,0.097,0.161,0.258,0.161,0.29,0.161,0.065,0.129,0.097,0.323,0.129,0.129,0.194,0.097,0.194,0.129,0.065,0.065,0.161,0.316,0.258,0.097,0.355,0.258,0.129,0.192,0.571,0.276,0.462,0.444,0.548,0.607,0.633,0.581,0.613,0.6,0.364,0.182,0.357,0.548,0.567,0.548,0.552,0.276
"1315",0.714,0.484,0.367,0.613,0.333,0.581,0.774,0.774,0.065,0.065,0.323,0.129,0.194,0.129,0.258,0.548,0.226,0.194,0.194,0.097,0.129,0.129,0.129,0.194,0.29,0.129,0.065,0.129,0.097,0.129,0.097,0.097,0.097,0.129,0.129,0.133,0.129,0.226,0.097,0.129,0.065,0.065,0,0.267,0.065,0.097,0.161,0.258,0.226,0.29,0.161,0.065,0.129,0.097,0.323,0.065,0.129,0.194,0.097,0.194,0.129,0.065,0.065,0.194,0.211,0.258,0.097,0.355,0.258,0.129,0.115,0.524,0.207,0.462,0.37,0.484,0.607,0.633,0.516,0.613,0.533,0.364,0.182,0.357,0.484,0.5,0.548,0.483,0.207
"1319",0.741,0.433,0.379,0.5,0.308,0.633,0.767,0.8,0.233,0.2,0.233,0.2,0.3,0.2,0.3,0.4,0.2,0.267,0.333,0.2,0.2,0.2,0.2,0.233,0.233,0.167,0.267,0.267,0.2,0.133,0.233,0.3,0.167,0.167,0.267,0.2,0.2,0.2,0.167,0.233,0.267,0.2,0.267,0,0.233,0.2,0.167,0.4,0.1,0.367,0.233,0.2,0.233,0.233,0.233,0.2,0.267,0.333,0.167,0.267,0.167,0.2,0.233,0.3,0.389,0.3,0.233,0.367,0.4,0.167,0.36,0.55,0.25,0.4,0.423,0.5,0.63,0.655,0.567,0.633,0.552,0.524,0.333,0.286,0.533,0.552,0.533,0.5,0.357
"1352",0.75,0.516,0.4,0.645,0.37,0.613,0.806,0.806,0.065,0.065,0.323,0.129,0.194,0.129,0.258,0.548,0.194,0.161,0.258,0.097,0.129,0.129,0.129,0.194,0.258,0.129,0.065,0.129,0.097,0.129,0.097,0.097,0.097,0.129,0.129,0.133,0.097,0.258,0.097,0.065,0.129,0.065,0.065,0.233,0,0.097,0.161,0.258,0.194,0.29,0.161,0.065,0.129,0.097,0.355,0.129,0.161,0.194,0.097,0.129,0.129,0.065,0.065,0.194,0.211,0.226,0.097,0.323,0.258,0.129,0.192,0.524,0.276,0.5,0.407,0.516,0.643,0.667,0.548,0.645,0.567,0.364,0.182,0.429,0.516,0.533,0.516,0.517,0.276
"1424",0.75,0.516,0.433,0.677,0.37,0.645,0.839,0.839,0.032,0.097,0.29,0.129,0.226,0.129,0.29,0.516,0.258,0.194,0.29,0.065,0.129,0.129,0.129,0.194,0.323,0.129,0.097,0.129,0.097,0.065,0.129,0.129,0.097,0.065,0.129,0.133,0.097,0.323,0.097,0.161,0.161,0.097,0.097,0.2,0.097,0,0.097,0.226,0.194,0.258,0.161,0.065,0.161,0.097,0.387,0.129,0.129,0.194,0.097,0.097,0.065,0.065,0.065,0.161,0.263,0.29,0.129,0.29,0.226,0.129,0.192,0.571,0.276,0.538,0.444,0.516,0.643,0.7,0.581,0.677,0.533,0.364,0.182,0.5,0.548,0.567,0.548,0.483,0.207
"1448",0.75,0.516,0.467,0.645,0.37,0.613,0.774,0.806,0.129,0.097,0.258,0.129,0.29,0.097,0.29,0.484,0.258,0.226,0.323,0.097,0.097,0.097,0.097,0.161,0.323,0.097,0.161,0.161,0.129,0.032,0.194,0.194,0.065,0.097,0.161,0.1,0.161,0.355,0.065,0.226,0.161,0.161,0.161,0.167,0.161,0.097,0,0.323,0.226,0.29,0.129,0.097,0.161,0.129,0.355,0.097,0.194,0.226,0.065,0.194,0.097,0.097,0.129,0.226,0.316,0.29,0.194,0.355,0.323,0.097,0.269,0.524,0.241,0.577,0.481,0.452,0.607,0.667,0.516,0.645,0.5,0.364,0.182,0.5,0.484,0.5,0.484,0.552,0.276
"1505",0.643,0.581,0.533,0.613,0.37,0.71,0.806,0.806,0.194,0.258,0.29,0.323,0.226,0.258,0.258,0.516,0.355,0.29,0.355,0.258,0.258,0.258,0.258,0.29,0.387,0.29,0.226,0.258,0.226,0.29,0.258,0.226,0.258,0.29,0.226,0.3,0.323,0.419,0.258,0.29,0.323,0.258,0.258,0.4,0.258,0.226,0.323,0,0.355,0.032,0.258,0.226,0.29,0.226,0.419,0.29,0.323,0.323,0.258,0.258,0.226,0.226,0.258,0.29,0.316,0.29,0.258,0.355,0.097,0.258,0.269,0.476,0.345,0.538,0.481,0.645,0.714,0.767,0.581,0.677,0.667,0.182,0.227,0.5,0.548,0.567,0.548,0.483,0.379
"1573",0.786,0.419,0.367,0.548,0.296,0.613,0.774,0.774,0.194,0.226,0.226,0.226,0.258,0.226,0.323,0.419,0.258,0.258,0.323,0.129,0.226,0.226,0.226,0.29,0.29,0.194,0.226,0.226,0.161,0.194,0.226,0.258,0.194,0.194,0.226,0.233,0.161,0.226,0.194,0.194,0.29,0.161,0.226,0.1,0.194,0.194,0.226,0.355,0,0.387,0.258,0.161,0.258,0.194,0.258,0.226,0.194,0.29,0.194,0.258,0.161,0.161,0.161,0.29,0.368,0.323,0.226,0.355,0.355,0.194,0.308,0.524,0.276,0.423,0.407,0.484,0.571,0.633,0.581,0.613,0.567,0.5,0.318,0.357,0.548,0.567,0.548,0.517,0.345
"1611",0.607,0.581,0.533,0.581,0.37,0.71,0.774,0.806,0.226,0.226,0.258,0.29,0.258,0.226,0.226,0.484,0.323,0.323,0.355,0.29,0.226,0.226,0.226,0.258,0.355,0.258,0.258,0.29,0.258,0.258,0.29,0.258,0.226,0.323,0.258,0.267,0.355,0.419,0.226,0.323,0.29,0.29,0.29,0.367,0.29,0.258,0.29,0.032,0.387,0,0.226,0.258,0.258,0.258,0.387,0.258,0.355,0.323,0.226,0.29,0.258,0.258,0.29,0.323,0.316,0.258,0.29,0.387,0.129,0.226,0.308,0.476,0.31,0.538,0.481,0.613,0.714,0.767,0.548,0.677,0.667,0.182,0.227,0.5,0.516,0.533,0.516,0.517,0.414
"1646",0.714,0.516,0.433,0.613,0.37,0.613,0.742,0.774,0.129,0.097,0.258,0.161,0.29,0.097,0.226,0.484,0.258,0.194,0.323,0.129,0.097,0.097,0.097,0.097,0.323,0.097,0.161,0.097,0.129,0.097,0.194,0.161,0.065,0.161,0.065,0.1,0.226,0.355,0.065,0.226,0.161,0.161,0.161,0.233,0.161,0.161,0.129,0.258,0.258,0.226,0,0.097,0.161,0.097,0.323,0.097,0.226,0.194,0.065,0.258,0.161,0.097,0.161,0.226,0.368,0.226,0.194,0.419,0.258,0.097,0.269,0.476,0.207,0.538,0.444,0.516,0.607,0.667,0.516,0.613,0.567,0.318,0.136,0.5,0.484,0.5,0.484,0.586,0.345
"1734",0.75,0.484,0.433,0.613,0.333,0.581,0.774,0.774,0.032,0.065,0.258,0.129,0.194,0.065,0.258,0.484,0.226,0.129,0.258,0.032,0.065,0.065,0.065,0.129,0.29,0.065,0.065,0.065,0.032,0.065,0.097,0.097,0.032,0.065,0.065,0.067,0.129,0.29,0.032,0.129,0.129,0.065,0.065,0.2,0.065,0.065,0.097,0.226,0.161,0.258,0.097,0,0.129,0.032,0.323,0.065,0.129,0.194,0.032,0.161,0.065,0,0.065,0.194,0.263,0.258,0.097,0.323,0.226,0.065,0.154,0.476,0.207,0.5,0.407,0.484,0.607,0.633,0.516,0.613,0.533,0.318,0.136,0.429,0.484,0.5,0.484,0.517,0.241
"1735",0.75,0.548,0.433,0.613,0.407,0.645,0.774,0.806,0.129,0.065,0.29,0.129,0.226,0.129,0.226,0.484,0.194,0.258,0.258,0.161,0.129,0.129,0.129,0.194,0.258,0.129,0.129,0.194,0.097,0.129,0.097,0.161,0.097,0.194,0.194,0.133,0.194,0.29,0.097,0.129,0.129,0.129,0.129,0.233,0.129,0.161,0.161,0.29,0.258,0.258,0.161,0.129,0,0.161,0.355,0.129,0.226,0.226,0.097,0.258,0.161,0.129,0.129,0.258,0.316,0.226,0.097,0.387,0.29,0.065,0.154,0.476,0.241,0.5,0.444,0.484,0.679,0.667,0.516,0.645,0.6,0.364,0.182,0.5,0.484,0.5,0.484,0.517,0.31
"1738",0.75,0.484,0.433,0.613,0.333,0.613,0.774,0.774,0.065,0.097,0.258,0.161,0.226,0.097,0.258,0.484,0.258,0.161,0.29,0.065,0.097,0.097,0.097,0.129,0.323,0.097,0.097,0.065,0.065,0.097,0.129,0.065,0.065,0.097,0.065,0.1,0.161,0.323,0.065,0.161,0.161,0.097,0.097,0.233,0.097,0.097,0.129,0.226,0.194,0.258,0.097,0.032,0.161,0,0.323,0.097,0.161,0.194,0.065,0.194,0.097,0.032,0.097,0.194,0.316,0.258,0.129,0.355,0.226,0.097,0.192,0.476,0.207,0.462,0.407,0.516,0.607,0.667,0.516,0.613,0.533,0.318,0.136,0.357,0.484,0.5,0.484,0.517,0.276
"1739",0.607,0.258,0.3,0.323,0.148,0.548,0.613,0.645,0.355,0.323,0.226,0.387,0.419,0.323,0.194,0.323,0.323,0.323,0.355,0.355,0.323,0.323,0.323,0.355,0.323,0.29,0.387,0.355,0.323,0.323,0.387,0.387,0.29,0.387,0.355,0.333,0.387,0.226,0.29,0.355,0.323,0.323,0.323,0.233,0.355,0.387,0.355,0.419,0.258,0.387,0.323,0.323,0.355,0.323,0,0.258,0.387,0.419,0.29,0.452,0.355,0.323,0.387,0.419,0.421,0.323,0.387,0.419,0.419,0.29,0.385,0.333,0.276,0.308,0.185,0.548,0.536,0.567,0.323,0.452,0.5,0.5,0.455,0.286,0.29,0.3,0.355,0.379,0.379
"1827",0.679,0.452,0.4,0.548,0.296,0.548,0.71,0.742,0.097,0.065,0.258,0.129,0.258,0.065,0.258,0.484,0.226,0.194,0.226,0.097,0.065,0.065,0.065,0.129,0.29,0.065,0.129,0.129,0.097,0.065,0.161,0.161,0.032,0.129,0.129,0.067,0.194,0.258,0.032,0.194,0.065,0.129,0.065,0.2,0.129,0.129,0.097,0.29,0.226,0.258,0.097,0.065,0.129,0.097,0.258,0,0.161,0.226,0.032,0.226,0.129,0.065,0.129,0.258,0.211,0.258,0.161,0.387,0.29,0.065,0.154,0.476,0.138,0.462,0.37,0.419,0.571,0.6,0.452,0.581,0.5,0.364,0.182,0.357,0.419,0.433,0.484,0.517,0.241
"1836",0.786,0.516,0.433,0.677,0.407,0.645,0.839,0.839,0.129,0.161,0.323,0.161,0.29,0.194,0.323,0.516,0.323,0.258,0.323,0.097,0.194,0.194,0.194,0.258,0.387,0.161,0.161,0.194,0.161,0.161,0.194,0.194,0.161,0.161,0.194,0.2,0.161,0.323,0.161,0.194,0.194,0.129,0.129,0.267,0.161,0.129,0.194,0.323,0.194,0.355,0.226,0.129,0.226,0.161,0.387,0.161,0,0.226,0.161,0.226,0.161,0.129,0.097,0.226,0.316,0.355,0.194,0.355,0.323,0.194,0.231,0.619,0.31,0.538,0.481,0.516,0.607,0.7,0.613,0.677,0.6,0.455,0.273,0.5,0.581,0.6,0.613,0.552,0.276
"1837",0.821,0.484,0.367,0.71,0.407,0.645,0.839,0.839,0.194,0.161,0.323,0.161,0.323,0.226,0.258,0.516,0.258,0.258,0.29,0.161,0.226,0.226,0.226,0.226,0.387,0.226,0.194,0.226,0.226,0.194,0.226,0.194,0.194,0.226,0.194,0.233,0.226,0.387,0.194,0.258,0.226,0.194,0.194,0.333,0.194,0.194,0.226,0.323,0.29,0.323,0.194,0.194,0.226,0.194,0.419,0.226,0.226,0,0.194,0.29,0.226,0.194,0.129,0.226,0.316,0.29,0.226,0.355,0.323,0.226,0.269,0.524,0.345,0.538,0.481,0.548,0.607,0.7,0.613,0.677,0.567,0.318,0.136,0.571,0.581,0.6,0.581,0.552,0.31
"1854",0.714,0.484,0.433,0.581,0.333,0.581,0.742,0.774,0.065,0.032,0.226,0.097,0.226,0.032,0.226,0.452,0.194,0.161,0.258,0.065,0.032,0.032,0.032,0.097,0.258,0.032,0.097,0.097,0.065,0.032,0.129,0.129,0,0.097,0.097,0.033,0.161,0.29,0,0.161,0.097,0.097,0.097,0.167,0.097,0.097,0.065,0.258,0.194,0.226,0.065,0.032,0.097,0.065,0.29,0.032,0.161,0.194,0,0.194,0.097,0.032,0.097,0.226,0.263,0.226,0.129,0.355,0.258,0.032,0.192,0.476,0.172,0.5,0.407,0.452,0.607,0.633,0.484,0.613,0.533,0.318,0.136,0.429,0.452,0.467,0.452,0.552,0.276
"1874",0.75,0.581,0.5,0.742,0.407,0.677,0.871,0.871,0.129,0.194,0.387,0.226,0.323,0.194,0.387,0.613,0.29,0.258,0.387,0.161,0.194,0.194,0.226,0.29,0.355,0.226,0.194,0.226,0.194,0.161,0.226,0.226,0.194,0.161,0.226,0.233,0.161,0.387,0.194,0.194,0.258,0.194,0.194,0.267,0.129,0.097,0.194,0.258,0.258,0.29,0.258,0.161,0.258,0.194,0.452,0.226,0.226,0.29,0.194,0,0.161,0.161,0.161,0.226,0.211,0.355,0.226,0.355,0.258,0.226,0.269,0.619,0.379,0.615,0.519,0.548,0.643,0.733,0.613,0.71,0.567,0.455,0.273,0.5,0.613,0.6,0.581,0.552,0.276
"1891",0.786,0.484,0.433,0.645,0.333,0.613,0.806,0.806,0.097,0.129,0.258,0.161,0.194,0.129,0.258,0.484,0.258,0.194,0.258,0.065,0.129,0.129,0.129,0.194,0.323,0.129,0.129,0.129,0.065,0.065,0.129,0.161,0.097,0.065,0.129,0.133,0.129,0.323,0.097,0.161,0.194,0.129,0.129,0.167,0.129,0.065,0.097,0.226,0.161,0.258,0.161,0.065,0.161,0.097,0.355,0.129,0.161,0.226,0.097,0.161,0,0.065,0.097,0.194,0.263,0.29,0.129,0.29,0.258,0.097,0.192,0.524,0.207,0.538,0.444,0.484,0.607,0.667,0.548,0.645,0.5,0.364,0.182,0.5,0.516,0.533,0.516,0.448,0.172
"1982",0.75,0.484,0.433,0.613,0.333,0.581,0.774,0.774,0.032,0.065,0.258,0.129,0.194,0.065,0.258,0.484,0.226,0.129,0.258,0.032,0.065,0.065,0.065,0.129,0.29,0.065,0.065,0.065,0.032,0.065,0.097,0.097,0.032,0.065,0.065,0.067,0.129,0.29,0.032,0.129,0.129,0.065,0.065,0.2,0.065,0.065,0.097,0.226,0.161,0.258,0.097,0,0.129,0.032,0.323,0.065,0.129,0.194,0.032,0.161,0.065,0,0.065,0.194,0.263,0.258,0.097,0.323,0.226,0.065,0.154,0.476,0.207,0.5,0.407,0.484,0.607,0.633,0.516,0.613,0.533,0.318,0.136,0.429,0.484,0.5,0.484,0.517,0.241
"2125",0.786,0.484,0.367,0.677,0.37,0.645,0.839,0.839,0.065,0.065,0.258,0.065,0.194,0.129,0.258,0.484,0.226,0.194,0.258,0.032,0.129,0.129,0.129,0.194,0.29,0.129,0.065,0.129,0.097,0.097,0.097,0.097,0.097,0.097,0.129,0.133,0.097,0.29,0.097,0.129,0.129,0.065,0.065,0.233,0.065,0.065,0.129,0.258,0.161,0.29,0.161,0.065,0.129,0.097,0.387,0.129,0.097,0.129,0.097,0.161,0.097,0.065,0,0.161,0.263,0.258,0.097,0.29,0.258,0.129,0.192,0.571,0.276,0.538,0.444,0.484,0.607,0.7,0.581,0.677,0.567,0.364,0.182,0.5,0.548,0.567,0.548,0.517,0.241
"2147",0.786,0.581,0.467,0.71,0.407,0.742,0.903,0.903,0.194,0.194,0.355,0.226,0.323,0.226,0.258,0.548,0.323,0.323,0.387,0.194,0.226,0.226,0.258,0.258,0.355,0.226,0.194,0.226,0.226,0.194,0.226,0.194,0.226,0.194,0.194,0.267,0.161,0.355,0.226,0.226,0.258,0.161,0.194,0.3,0.194,0.161,0.226,0.29,0.29,0.323,0.226,0.194,0.258,0.194,0.419,0.258,0.226,0.226,0.226,0.226,0.194,0.194,0.161,0,0.421,0.29,0.226,0.419,0.29,0.258,0.308,0.571,0.379,0.577,0.519,0.645,0.679,0.8,0.645,0.742,0.633,0.409,0.227,0.5,0.613,0.633,0.613,0.552,0.31
"2344",0.722,0.526,0.444,0.632,0.333,0.474,0.737,0.737,0.263,0.263,0.421,0.316,0.316,0.263,0.421,0.579,0.316,0.316,0.316,0.263,0.263,0.263,0.263,0.421,0.368,0.316,0.263,0.368,0.263,0.263,0.316,0.316,0.263,0.316,0.368,0.333,0.316,0.368,0.263,0.263,0.211,0.316,0.211,0.389,0.211,0.263,0.316,0.316,0.368,0.316,0.368,0.263,0.316,0.316,0.421,0.211,0.316,0.316,0.263,0.211,0.263,0.263,0.263,0.421,0,0.368,0.316,0.421,0.368,0.263,0.278,0.667,0.412,0.667,0.471,0.421,0.444,0.611,0.526,0.526,0.389,0.333,0.4,0.6,0.526,0.526,0.579,0.556,0.333
"2400",0.679,0.516,0.333,0.548,0.333,0.71,0.774,0.806,0.258,0.194,0.258,0.258,0.258,0.258,0.226,0.484,0.258,0.355,0.323,0.29,0.258,0.258,0.226,0.258,0.194,0.258,0.194,0.29,0.258,0.258,0.258,0.194,0.226,0.323,0.258,0.267,0.29,0.226,0.226,0.258,0.258,0.258,0.258,0.3,0.226,0.29,0.29,0.29,0.323,0.258,0.226,0.258,0.226,0.258,0.323,0.258,0.355,0.29,0.226,0.355,0.29,0.258,0.258,0.29,0.368,0,0.258,0.419,0.323,0.226,0.346,0.476,0.345,0.462,0.407,0.548,0.714,0.767,0.484,0.677,0.6,0.364,0.273,0.5,0.452,0.467,0.452,0.552,0.379
"2412",0.714,0.484,0.433,0.613,0.407,0.645,0.839,0.839,0.097,0.097,0.323,0.129,0.194,0.161,0.258,0.484,0.226,0.226,0.258,0.129,0.161,0.161,0.161,0.161,0.29,0.161,0.097,0.161,0.065,0.161,0,0.129,0.129,0.129,0.161,0.133,0.161,0.29,0.129,0.097,0.161,0.097,0.097,0.233,0.097,0.129,0.194,0.258,0.226,0.29,0.194,0.097,0.097,0.129,0.387,0.161,0.194,0.226,0.129,0.226,0.129,0.097,0.097,0.226,0.316,0.258,0,0.323,0.258,0.097,0.192,0.571,0.276,0.462,0.444,0.548,0.679,0.7,0.581,0.677,0.6,0.364,0.182,0.429,0.548,0.567,0.548,0.483,0.276
"2464",0.75,0.484,0.467,0.677,0.407,0.677,0.871,0.871,0.29,0.355,0.355,0.323,0.387,0.387,0.323,0.484,0.355,0.258,0.419,0.29,0.387,0.387,0.387,0.419,0.419,0.387,0.355,0.387,0.323,0.355,0.323,0.387,0.355,0.29,0.387,0.367,0.355,0.419,0.355,0.355,0.419,0.355,0.355,0.367,0.323,0.29,0.355,0.355,0.355,0.387,0.419,0.323,0.387,0.355,0.419,0.387,0.355,0.355,0.355,0.355,0.29,0.323,0.29,0.419,0.421,0.419,0.323,0,0.387,0.355,0.385,0.524,0.483,0.577,0.444,0.613,0.714,0.733,0.581,0.71,0.667,0.409,0.409,0.5,0.548,0.567,0.548,0.414,0.31
"2495",0.679,0.581,0.533,0.613,0.37,0.71,0.806,0.806,0.194,0.258,0.355,0.323,0.323,0.258,0.29,0.581,0.355,0.29,0.387,0.258,0.258,0.258,0.258,0.226,0.387,0.29,0.226,0.258,0.226,0.29,0.258,0.226,0.258,0.29,0.226,0.233,0.323,0.419,0.258,0.29,0.323,0.258,0.258,0.4,0.258,0.226,0.323,0.097,0.355,0.129,0.258,0.226,0.29,0.226,0.419,0.29,0.323,0.323,0.258,0.258,0.258,0.226,0.258,0.29,0.368,0.323,0.258,0.387,0,0.258,0.308,0.429,0.31,0.5,0.407,0.581,0.643,0.7,0.516,0.613,0.6,0.227,0.182,0.571,0.484,0.5,0.484,0.586,0.414
"2815",0.714,0.484,0.433,0.581,0.333,0.581,0.742,0.774,0.097,0.065,0.226,0.129,0.226,0.065,0.226,0.452,0.194,0.194,0.258,0.097,0.065,0.065,0.065,0.129,0.258,0.065,0.129,0.129,0.032,0.065,0.097,0.161,0.032,0.129,0.129,0.067,0.194,0.29,0.032,0.129,0.129,0.129,0.129,0.167,0.129,0.129,0.097,0.258,0.194,0.226,0.097,0.065,0.065,0.097,0.29,0.065,0.194,0.226,0.032,0.226,0.097,0.065,0.129,0.258,0.263,0.226,0.097,0.355,0.258,0,0.192,0.476,0.172,0.5,0.407,0.452,0.607,0.633,0.484,0.613,0.533,0.318,0.136,0.429,0.452,0.467,0.452,0.552,0.276
"arm",0.731,0.538,0.44,0.538,0.409,0.577,0.731,0.731,0.154,0.192,0.385,0.269,0.269,0.192,0.346,0.538,0.231,0.231,0.231,0.192,0.192,0.192,0.231,0.308,0.385,0.231,0.192,0.231,0.154,0.231,0.192,0.231,0.192,0.231,0.231,0.24,0.269,0.346,0.192,0.231,0.154,0.192,0.115,0.36,0.192,0.192,0.269,0.269,0.308,0.308,0.269,0.154,0.154,0.192,0.385,0.154,0.231,0.269,0.192,0.269,0.192,0.154,0.192,0.308,0.278,0.346,0.192,0.385,0.308,0.192,0,0.4,0.208,0.458,0.348,0.462,0.692,0.68,0.462,0.654,0.56,0.286,0.238,0.385,0.423,0.44,0.5,0.36,0.16
"eth",0.714,0.476,0.6,0.381,0.316,0.619,0.571,0.571,0.524,0.524,0.381,0.619,0.524,0.476,0.429,0.524,0.524,0.476,0.524,0.524,0.476,0.476,0.524,0.429,0.524,0.524,0.571,0.524,0.476,0.524,0.571,0.571,0.476,0.571,0.476,0.45,0.619,0.524,0.476,0.571,0.524,0.571,0.524,0.55,0.524,0.571,0.524,0.476,0.524,0.476,0.476,0.476,0.476,0.476,0.333,0.476,0.619,0.524,0.476,0.619,0.524,0.476,0.571,0.571,0.667,0.476,0.571,0.524,0.429,0.476,0.4,0,0.316,0.368,0.222,0.476,0.714,0.6,0.381,0.571,0.55,0.412,0.353,0.545,0.333,0.35,0.381,0.368,0.526
"slav",0.654,0.448,0.393,0.448,0.32,0.586,0.655,0.69,0.241,0.207,0.276,0.276,0.276,0.207,0.31,0.517,0.31,0.345,0.241,0.241,0.207,0.207,0.207,0.172,0.345,0.207,0.276,0.241,0.207,0.207,0.276,0.276,0.172,0.276,0.241,0.143,0.345,0.31,0.172,0.31,0.207,0.276,0.207,0.25,0.276,0.276,0.241,0.345,0.276,0.31,0.207,0.207,0.241,0.207,0.276,0.138,0.31,0.345,0.172,0.379,0.207,0.207,0.276,0.379,0.412,0.345,0.276,0.483,0.31,0.172,0.208,0.316,0,0.32,0.231,0.379,0.577,0.643,0.379,0.586,0.464,0.333,0.143,0.231,0.345,0.357,0.414,0.429,0.25
"cop-sa",0.5,0.423,0.48,0.269,0.391,0.615,0.654,0.654,0.5,0.5,0.385,0.538,0.538,0.538,0.423,0.423,0.538,0.538,0.538,0.538,0.538,0.538,0.538,0.423,0.5,0.5,0.538,0.538,0.5,0.538,0.462,0.5,0.5,0.538,0.538,0.44,0.538,0.346,0.5,0.5,0.462,0.462,0.462,0.4,0.5,0.538,0.577,0.538,0.423,0.538,0.538,0.5,0.5,0.462,0.308,0.462,0.538,0.538,0.5,0.615,0.538,0.5,0.538,0.577,0.667,0.462,0.462,0.577,0.5,0.5,0.458,0.368,0.32,0,0.28,0.5,0.75,0.56,0.385,0.538,0.64,0.571,0.429,0.308,0.346,0.36,0.423,0.423,0.5
"cop-bo",0.625,0.296,0.269,0.333,0.25,0.519,0.63,0.63,0.407,0.407,0.333,0.481,0.407,0.444,0.333,0.407,0.407,0.407,0.407,0.444,0.444,0.444,0.444,0.407,0.407,0.444,0.444,0.444,0.407,0.444,0.444,0.444,0.407,0.481,0.444,0.385,0.481,0.333,0.407,0.444,0.37,0.444,0.37,0.423,0.407,0.444,0.481,0.481,0.407,0.481,0.444,0.407,0.444,0.407,0.185,0.37,0.481,0.481,0.407,0.519,0.444,0.407,0.444,0.519,0.471,0.407,0.444,0.444,0.407,0.407,0.348,0.222,0.231,0.28,0,0.481,0.583,0.593,0.259,0.481,0.423,0.381,0.333,0.308,0.222,0.231,0.296,0.333,0.37
"it-ar",0.679,0.581,0.533,0.548,0.481,0.484,0.452,0.484,0.516,0.484,0.548,0.484,0.581,0.484,0.645,0.613,0.548,0.581,0.581,0.452,0.484,0.484,0.452,0.484,0.581,0.484,0.516,0.548,0.484,0.452,0.548,0.548,0.452,0.516,0.548,0.433,0.548,0.548,0.452,0.548,0.452,0.548,0.484,0.5,0.516,0.516,0.452,0.645,0.484,0.613,0.516,0.484,0.484,0.516,0.548,0.419,0.516,0.548,0.452,0.548,0.484,0.484,0.484,0.645,0.421,0.548,0.548,0.613,0.581,0.452,0.462,0.476,0.379,0.5,0.481,0,0.357,0.433,0.226,0.323,0.2,0.5,0.364,0.643,0.258,0.233,0.29,0.655,0.448
"it-b",0.643,0.571,0.556,0.643,0.542,0.5,0.536,0.5,0.643,0.643,0.714,0.643,0.714,0.607,0.643,0.679,0.679,0.607,0.679,0.571,0.607,0.607,0.607,0.607,0.679,0.607,0.643,0.571,0.607,0.607,0.679,0.643,0.607,0.643,0.571,0.593,0.643,0.643,0.607,0.643,0.607,0.607,0.607,0.63,0.643,0.643,0.607,0.714,0.571,0.714,0.607,0.607,0.679,0.607,0.536,0.571,0.607,0.607,0.607,0.643,0.607,0.607,0.607,0.679,0.444,0.714,0.679,0.714,0.643,0.607,0.692,0.714,0.577,0.75,0.583,0.357,0,0.333,0.464,0.143,0.185,0.636,0.591,0.643,0.5,0.481,0.536,0.731,0.615
"it-d",0.63,0.633,0.69,0.533,0.692,0.333,0.533,0.5,0.667,0.667,0.733,0.733,0.767,0.667,0.633,0.633,0.7,0.567,0.7,0.667,0.667,0.667,0.667,0.667,0.733,0.633,0.7,0.633,0.633,0.667,0.7,0.733,0.633,0.7,0.633,0.621,0.7,0.667,0.633,0.667,0.633,0.633,0.633,0.655,0.667,0.7,0.667,0.767,0.633,0.767,0.667,0.633,0.667,0.667,0.567,0.6,0.7,0.7,0.633,0.733,0.667,0.633,0.7,0.8,0.611,0.767,0.7,0.733,0.7,0.633,0.68,0.6,0.643,0.56,0.593,0.433,0.333,0,0.433,0.233,0.379,0.714,0.619,0.692,0.467,0.448,0.5,0.786,0.679
"it-f",0.571,0.419,0.433,0.323,0.407,0.484,0.452,0.484,0.548,0.516,0.484,0.581,0.645,0.516,0.452,0.484,0.548,0.516,0.581,0.548,0.516,0.516,0.484,0.484,0.548,0.516,0.548,0.548,0.516,0.516,0.581,0.548,0.484,0.581,0.548,0.467,0.613,0.516,0.484,0.581,0.484,0.581,0.516,0.567,0.548,0.581,0.516,0.581,0.581,0.548,0.516,0.516,0.516,0.516,0.323,0.452,0.613,0.613,0.484,0.613,0.548,0.516,0.581,0.645,0.526,0.484,0.581,0.581,0.516,0.484,0.462,0.381,0.379,0.385,0.259,0.226,0.464,0.433,0,0.29,0.267,0.409,0.455,0.571,0.032,0,0.065,0.517,0.414
"it-g",0.571,0.516,0.567,0.452,0.519,0.419,0.355,0.323,0.645,0.645,0.677,0.71,0.71,0.645,0.581,0.548,0.677,0.548,0.677,0.645,0.645,0.645,0.613,0.613,0.677,0.613,0.645,0.581,0.613,0.645,0.677,0.645,0.613,0.677,0.581,0.6,0.677,0.613,0.613,0.645,0.613,0.613,0.613,0.633,0.645,0.677,0.645,0.677,0.613,0.677,0.613,0.613,0.645,0.613,0.452,0.581,0.677,0.677,0.613,0.71,0.645,0.613,0.677,0.742,0.526,0.677,0.677,0.71,0.613,0.613,0.654,0.571,0.586,0.538,0.481,0.323,0.143,0.233,0.29,0,0.2,0.591,0.591,0.643,0.323,0.3,0.355,0.655,0.655
"it-o",0.667,0.467,0.483,0.533,0.462,0.433,0.467,0.467,0.567,0.567,0.633,0.6,0.633,0.567,0.633,0.6,0.6,0.6,0.6,0.533,0.567,0.567,0.533,0.533,0.6,0.567,0.567,0.567,0.533,0.5,0.6,0.567,0.533,0.533,0.567,0.517,0.567,0.6,0.533,0.6,0.533,0.6,0.533,0.552,0.567,0.533,0.5,0.667,0.567,0.667,0.567,0.533,0.6,0.533,0.5,0.5,0.6,0.567,0.533,0.567,0.5,0.533,0.567,0.633,0.389,0.6,0.6,0.667,0.6,0.533,0.56,0.55,0.464,0.64,0.423,0.2,0.185,0.379,0.267,0.2,0,0.524,0.429,0.571,0.3,0.276,0.333,0.571,0.464
"syr-p",0.636,0.636,0.571,0.545,0.474,0.591,0.682,0.682,0.318,0.318,0.364,0.409,0.318,0.318,0.318,0.545,0.364,0.318,0.409,0.364,0.318,0.318,0.318,0.318,0.5,0.364,0.318,0.364,0.318,0.364,0.364,0.318,0.318,0.409,0.318,0.333,0.455,0.545,0.318,0.409,0.364,0.364,0.364,0.524,0.364,0.364,0.364,0.182,0.5,0.182,0.318,0.318,0.364,0.318,0.5,0.364,0.455,0.318,0.318,0.455,0.364,0.318,0.364,0.409,0.333,0.364,0.364,0.409,0.227,0.318,0.286,0.412,0.333,0.571,0.381,0.5,0.636,0.714,0.409,0.591,0.524,0,0.273,0.571,0.364,0.381,0.364,0.5,0.409
"syr-h",0.682,0.591,0.476,0.682,0.368,0.5,0.727,0.727,0.136,0.136,0.364,0.227,0.273,0.136,0.273,0.591,0.273,0.318,0.364,0.182,0.136,0.136,0.182,0.136,0.364,0.182,0.182,0.182,0.136,0.182,0.182,0.182,0.136,0.227,0.136,0.143,0.273,0.409,0.136,0.227,0.182,0.182,0.182,0.333,0.182,0.182,0.182,0.227,0.318,0.227,0.136,0.136,0.182,0.136,0.455,0.182,0.273,0.136,0.136,0.273,0.182,0.136,0.182,0.227,0.4,0.273,0.182,0.409,0.182,0.136,0.238,0.353,0.143,0.429,0.333,0.364,0.591,0.619,0.455,0.591,0.429,0.273,0,0.5,0.409,0.429,0.409,0.591,0.318
"syr-pal",0.571,0.429,0.385,0.429,0.455,0.643,0.786,0.786,0.429,0.429,0.429,0.5,0.357,0.429,0.429,0.5,0.357,0.5,0.429,0.5,0.429,0.429,0.5,0.429,0.357,0.429,0.5,0.5,0.429,0.5,0.429,0.429,0.429,0.5,0.5,0.429,0.5,0.214,0.429,0.429,0.357,0.357,0.357,0.286,0.429,0.5,0.5,0.5,0.357,0.5,0.5,0.429,0.5,0.357,0.286,0.357,0.5,0.571,0.429,0.5,0.5,0.429,0.5,0.5,0.6,0.5,0.429,0.5,0.571,0.429,0.385,0.545,0.231,0.308,0.308,0.643,0.643,0.692,0.571,0.643,0.571,0.571,0.5,0,0.571,0.571,0.643,0.429,0.429
"vg-ww",0.571,0.387,0.4,0.29,0.37,0.484,0.484,0.516,0.516,0.484,0.452,0.548,0.613,0.484,0.419,0.452,0.516,0.484,0.548,0.516,0.484,0.484,0.452,0.452,0.516,0.484,0.516,0.516,0.484,0.484,0.548,0.516,0.452,0.548,0.516,0.433,0.581,0.484,0.452,0.548,0.452,0.548,0.484,0.533,0.516,0.548,0.484,0.548,0.548,0.516,0.484,0.484,0.484,0.484,0.29,0.419,0.581,0.581,0.452,0.613,0.516,0.484,0.548,0.613,0.526,0.452,0.548,0.548,0.484,0.452,0.423,0.333,0.345,0.346,0.222,0.258,0.5,0.467,0.032,0.323,0.3,0.364,0.409,0.571,0,0,0.065,0.483,0.448
"vg-st",0.556,0.4,0.414,0.3,0.385,0.467,0.467,0.5,0.533,0.5,0.467,0.567,0.633,0.5,0.433,0.467,0.533,0.5,0.567,0.533,0.5,0.5,0.467,0.467,0.533,0.5,0.533,0.533,0.5,0.5,0.567,0.533,0.467,0.567,0.533,0.448,0.6,0.5,0.467,0.567,0.467,0.567,0.5,0.552,0.533,0.567,0.5,0.567,0.567,0.533,0.5,0.5,0.5,0.5,0.3,0.433,0.6,0.6,0.467,0.6,0.533,0.5,0.567,0.633,0.526,0.467,0.567,0.567,0.5,0.467,0.44,0.35,0.357,0.36,0.231,0.233,0.481,0.448,0,0.3,0.276,0.381,0.429,0.571,0,0,0.033,0.5,0.429
"vg-cl",0.607,0.452,0.467,0.355,0.444,0.484,0.516,0.548,0.516,0.484,0.452,0.548,0.613,0.484,0.419,0.452,0.516,0.484,0.613,0.516,0.484,0.484,0.452,0.452,0.516,0.484,0.516,0.516,0.484,0.484,0.548,0.516,0.452,0.548,0.516,0.433,0.581,0.548,0.452,0.548,0.516,0.548,0.548,0.533,0.516,0.548,0.484,0.548,0.548,0.516,0.484,0.484,0.484,0.484,0.355,0.484,0.613,0.581,0.452,0.581,0.516,0.484,0.548,0.613,0.579,0.452,0.548,0.548,0.484,0.452,0.5,0.381,0.414,0.423,0.296,0.29,0.536,0.5,0.065,0.355,0.333,0.364,0.409,0.643,0.065,0.033,0,0.552,0.483
"geo-1",0.615,0.345,0.5,0.414,0.36,0.69,0.724,0.724,0.517,0.552,0.414,0.552,0.414,0.586,0.483,0.379,0.552,0.483,0.483,0.517,0.586,0.586,0.586,0.552,0.517,0.586,0.552,0.552,0.517,0.517,0.483,0.552,0.552,0.483,0.552,0.571,0.517,0.517,0.552,0.552,0.552,0.552,0.483,0.5,0.517,0.483,0.552,0.483,0.517,0.517,0.586,0.517,0.517,0.517,0.379,0.517,0.552,0.552,0.552,0.552,0.448,0.517,0.517,0.552,0.556,0.552,0.483,0.414,0.586,0.552,0.36,0.368,0.429,0.423,0.333,0.655,0.731,0.786,0.517,0.655,0.571,0.5,0.591,0.429,0.483,0.5,0.552,0,0.345
"geo-2",0.692,0.483,0.393,0.621,0.4,0.586,0.759,0.759,0.241,0.276,0.379,0.31,0.345,0.31,0.31,0.586,0.345,0.31,0.276,0.241,0.31,0.31,0.31,0.379,0.414,0.31,0.276,0.31,0.241,0.241,0.276,0.31,0.276,0.241,0.31,0.321,0.276,0.345,0.276,0.31,0.276,0.276,0.207,0.357,0.276,0.207,0.276,0.379,0.345,0.414,0.345,0.241,0.31,0.276,0.379,0.241,0.276,0.31,0.276,0.276,0.172,0.241,0.241,0.31,0.333,0.379,0.276,0.31,0.414,0.276,0.16,0.526,0.25,0.5,0.37,0.448,0.615,0.679,0.414,0.655,0.464,0.409,0.318,0.429,0.448,0.429,0.483,0.345,0
